Ward Code,nimdm_ward_lgd,official_ward_lgd,SOA Code,SOA Name
95AA01,Aldergrove Antrim,ALDERGROVE ANTRIM,95AA01S1,Aldergrove 1
95AA01,Aldergrove Antrim,ALDERGROVE ANTRIM,95AA01S2,Aldergrove 2
95AA01,Aldergrove Antrim,ALDERGROVE ANTRIM,95AA01S3,Aldergrove 3
95AA02,Balloo Antrim,BALLOO ANTRIM,95AA02W1,Balloo
95AA03,Ballycraigy Antrim,BALLYCRAIGY ANTRIM,95AA03W1,Ballycraigy
95AA04,Clady Antrim,CLADY ANTRIM,95AA04W1,Clady
95AA05,Cranfield Antrim,CRANFIELD ANTRIM,95AA05W1,Cranfield
95AA06,Crumlin Antrim,CRUMLIN (ANTRIM) ANTRIM,95AA06S1,Crumlin 1 (Antrim LGD)
95AA06,Crumlin Antrim,CRUMLIN (ANTRIM) ANTRIM,95AA06S2,Crumlin 2 (Antrim LGD)
95AA07,Drumanaway Antrim,DRUMANAWAY ANTRIM,95AA07W1,Drumanaway
95AA08,Farranshane Antrim,FARRANSHANE ANTRIM,95AA08W1,Farranshane
95AA09,Fountain Hill Antrim,FOUNTAIN HILL ANTRIM,95AA09W1,Fountain Hill
95AA10,Greystone Antrim,GREYSTONE (ANTRIM) ANTRIM,95AA10W1,Greystone (Antrim LGD)
95AA11,Massereene Antrim,MASSEREENE ANTRIM,95AA11S1,Massereene 1
95AA11,Massereene Antrim,MASSEREENE ANTRIM,95AA11S2,Massereene 2
95AA12,Parkgate Antrim,PARKGATE ANTRIM,95AA12W1,Parkgate
95AA13,Randalstown Antrim,RANDALSTOWN ANTRIM,95AA13S1,Randalstown 1
95AA13,Randalstown Antrim,RANDALSTOWN ANTRIM,95AA13S2,Randalstown 2
95AA14,Shilvodan Antrim,SHILVODAN ANTRIM,95AA14W1,Shilvodan
95AA15,Springfarm Antrim,SPRINGFARM ANTRIM,95AA15S1,Springfarm 1
95AA15,Springfarm Antrim,SPRINGFARM ANTRIM,95AA15S2,Springfarm 2
95AA16,Steeple Antrim,STEEPLE ANTRIM,95AA16W1,Steeple
95AA17,Stiles Antrim,STILES ANTRIM,95AA17W1,Stiles
95AA18,Templepatrick Antrim,TEMPLEPATRICK ANTRIM,95AA18W1,Templepatrick
95AA19,Toome Antrim,TOOME ANTRIM,95AA19W1,Toome
95BB01,Ballygowan Ards,BALLYGOWAN ARDS,95BB01S1,Ballygowan 1
95BB01,Ballygowan Ards,BALLYGOWAN ARDS,95BB01S2,Ballygowan 2
95BB02,Ballyrainey Ards,BALLYRAINEY ARDS,95BB02W1,Ballyrainey
95BB03,Ballywalter Ards,BALLYWALTER ARDS,95BB03S1,Ballywalter 1
95BB03,Ballywalter Ards,BALLYWALTER ARDS,95BB03S2,Ballywalter 2
95BB04,Bradshaw's Brae Ards,BRADSHAWS BRAE ARDS,95BB04S1,Bradshaw's Brae 1
95BB04,Bradshaw's Brae Ards,BRADSHAWS BRAE ARDS,95BB04S2,Bradshaw's Brae 2
95BB05,Carrowdore Ards,CARROWDORE ARDS,95BB05S1,Carrowdore 1
95BB05,Carrowdore Ards,CARROWDORE ARDS,95BB05S2,Carrowdore 2
95BB06,Central Ards,CENTRAL (ARDS) ARDS,95BB06W1,Central (Ards LGD)
95BB07,Comber East Ards,COMBER EAST ARDS,95BB07S1,Comber East 1
95BB07,Comber East Ards,COMBER EAST ARDS,95BB07S2,Comber East 2
95BB08,Comber North Ards,COMBER NORTH ARDS,95BB08S1,Comber North 1
95BB08,Comber North Ards,COMBER NORTH ARDS,95BB08S2,Comber North 2
95BB09,Comber West Ards,COMBER WEST ARDS,95BB09S1,Comber West 1
95BB09,Comber West Ards,COMBER WEST ARDS,95BB09S2,Comber West 2
95BB10,Donaghadee North Ards,DONAGHADEE NORTH ARDS,95BB10S1,Donaghadee North 1
95BB10,Donaghadee North Ards,DONAGHADEE NORTH ARDS,95BB10S2,Donaghadee North 2
95BB11,Donaghadee South Ards,DONAGHADEE SOUTH ARDS,95BB11S1,Donaghadee South 1
95BB11,Donaghadee South Ards,DONAGHADEE SOUTH ARDS,95BB11S2,Donaghadee South 2
95BB12,Glen Ards,GLEN ARDS,95BB12S1,Glen 1
95BB12,Glen Ards,GLEN ARDS,95BB12S2,Glen 2
95BB13,Gregstown Ards,GREGSTOWN ARDS,95BB13S1,Gregstown 1
95BB13,Gregstown Ards,GREGSTOWN ARDS,95BB13S2,Gregstown 2
95BB13,Gregstown Ards,GREGSTOWN ARDS,95BB13S3,Gregstown 3
95BB14,Killinchy Ards,KILLINCHY ARDS,95BB14S1,Killinchy 1
95BB14,Killinchy Ards,KILLINCHY ARDS,95BB14S2,Killinchy 2
95BB15,Kircubbin Ards,KIRCUBBIN ARDS,95BB15S1,Kircubbin 1
95BB15,Kircubbin Ards,KIRCUBBIN ARDS,95BB15S2,Kircubbin 2
95BB16,Lisbane Ards,LISBANE ARDS,95BB16S1,Lisbane 1
95BB16,Lisbane Ards,LISBANE ARDS,95BB16S2,Lisbane 2
95BB17,Loughries Ards,LOUGHRIES ARDS,95BB17S1,Loughries 1
95BB17,Loughries Ards,LOUGHRIES ARDS,95BB17S2,Loughries 2
95BB18,Millisle Ards,MILLISLE ARDS,95BB18S1,Millisle 1
95BB18,Millisle Ards,MILLISLE ARDS,95BB18S2,Millisle 2
95BB19,Movilla Ards,MOVILLA ARDS,95BB19S1,Movilla 1
95BB19,Movilla Ards,MOVILLA ARDS,95BB19S2,Movilla 2
95BB19,Movilla Ards,MOVILLA ARDS,95BB19S3,Movilla 3
95BB20,Portaferry Ards,PORTAFERRY ARDS,95BB20S1,Portaferry 1
95BB20,Portaferry Ards,PORTAFERRY ARDS,95BB20S2,Portaferry 2
95BB21,Portavogie Ards,PORTAVOGIE ARDS,95BB21S1,Portavogie 1
95BB21,Portavogie Ards,PORTAVOGIE ARDS,95BB21S2,Portavogie 2
95BB22,Scrabo Ards,SCRABO ARDS,95BB22S1,Scrabo 1
95BB22,Scrabo Ards,SCRABO ARDS,95BB22S2,Scrabo 2
95BB23,Whitespots Ards,WHITESPOTS ARDS,95BB23S1,Whitespots 1
95BB23,Whitespots Ards,WHITESPOTS ARDS,95BB23S2,Whitespots 2
95CC01,Abbey Park Armagh,ABBEY PARK ARMAGH,95CC01W1,Abbey Park
95CC02,Ballymartrim Armagh,BALLYMARTRIM ARMAGH,95CC02W1,Ballymartrim
95CC03,Callan Bridge Armagh,CALLAN BRIDGE ARMAGH,95CC03W1,Callan Bridge
95CC04,Carrigatuke Armagh,CARRIGATUKE ARMAGH,95CC04W1,Carrigatuke
95CC05,Charlemont Armagh,CHARLEMONT ARMAGH,95CC05W1,Charlemont
95CC06,Demesne Armagh,DEMESNE ARMAGH,95CC06S1,Demesne 1
95CC06,Demesne Armagh,DEMESNE ARMAGH,95CC06S2,Demesne 2
95CC07,Derrynoose Armagh,DERRYNOOSE ARMAGH,95CC07W1,Derrynoose
95CC08,Downs Armagh,DOWNS ARMAGH,95CC08W1,Downs
95CC09,Hamiltonsbawn Armagh,HAMILTONSBAWN ARMAGH,95CC09S1,Hamiltonsbawn 1
95CC09,Hamiltonsbawn Armagh,HAMILTONSBAWN ARMAGH,95CC09S2,Hamiltonsbawn 2
95CC10,Hockley Armagh,HOCKLEY ARMAGH,95CC10W1,Hockley
95CC11,Keady Armagh,KEADY ARMAGH,95CC11W1,Keady
95CC12,Killeen Armagh,KILLEEN ARMAGH,95CC12W1,Killeen
95CC13,Killylea Armagh,KILLYLEA ARMAGH,95CC13W1,Killylea
95CC14,Laurelvale Armagh,LAURELVALE ARMAGH,95CC14W1,Laurelvale
95CC15,Loughgall Armagh,LOUGHGALL ARMAGH,95CC15W1,Loughgall
95CC16,Markethill Armagh,MARKETHILL ARMAGH,95CC16W1,Markethill
95CC17,Milford Armagh,MILFORD ARMAGH,95CC17W1,Milford
95CC18,Observatory Armagh,OBSERVATORY ARMAGH,95CC18W1,Observatory
95CC19,Poyntz Pass Armagh,POYNTZ PASS ARMAGH,95CC19W1,Poyntz Pass
95CC20,Rich Hill Armagh,RICH HILL ARMAGH,95CC20S1,Rich Hill 1
95CC20,Rich Hill Armagh,RICH HILL ARMAGH,95CC20S2,Rich Hill 2
95CC21,Tandragee Armagh,TANDRAGEE ARMAGH,95CC21W1,Tandragee
95CC22,The Mall Armagh,THE MALL ARMAGH,95CC22W1,The Mall
95DD01,Academy Ballymena,ACADEMY BALLYMENA,95DD01W1,Academy
95DD02,Ahoghill Ballymena,AHOGHILL BALLYMENA,95DD02S1,Ahoghill 1
95DD02,Ahoghill Ballymena,AHOGHILL BALLYMENA,95DD02S2,Ahoghill 2
95DD03,Ardeevin Ballymena,ARDEEVIN BALLYMENA,95DD03W1,Ardeevin
95DD04,Ballee Ballymena,BALLEE BALLYMENA,95DD04W1,Ballee
95DD05,Ballykeel Ballymena,BALLYKEEL BALLYMENA,95DD05W1,Ballykeel
95DD06,Ballyloughan Ballymena,BALLYLOUGHAN BALLYMENA,95DD06W1,Ballyloughan
95DD07,Broughshane Ballymena,BROUGHSHANE BALLYMENA,95DD07S1,Broughshane 1
95DD07,Broughshane Ballymena,BROUGHSHANE BALLYMENA,95DD07S2,Broughshane 2
95DD08,Castle Demesne Ballymena,CASTLE DEMESNE BALLYMENA,95DD08W1,Castle Demesne
95DD09,Craigywarren Ballymena,CRAIGYWARREN BALLYMENA,95DD09W1,Craigywarren
95DD10,Cullybackey Ballymena,CULLYBACKEY BALLYMENA,95DD10W1,Cullybackey
95DD11,Dunclug Ballymena,DUNCLUG BALLYMENA,95DD11W1,Dunclug
95DD12,Dunminning Ballymena,DUNMINNING BALLYMENA,95DD12W1,Dunminning
95DD13,Fair Green Ballymena,FAIR GREEN BALLYMENA,95DD13W1,Fair Green
95DD14,Galgorm Ballymena,GALGORM BALLYMENA,95DD14S1,Galgorm 1
95DD14,Galgorm Ballymena,GALGORM BALLYMENA,95DD14S2,Galgorm 2
95DD15,Glenravel Ballymena,GLENRAVEL BALLYMENA,95DD15W1,Glenravel
95DD16,Glenwhirry Ballymena,GLENWHIRRY BALLYMENA,95DD16W1,Glenwhirry
95DD17,Grange Ballymena,GRANGE BALLYMENA,95DD17W1,Grange
95DD18,Harryville Ballymena,HARRYVILLE BALLYMENA,95DD18W1,Harryville
95DD19,Kells Ballymena,KELLS BALLYMENA,95DD19S1,Kells 1
95DD19,Kells Ballymena,KELLS BALLYMENA,95DD19S2,Kells 2
95DD20,Moat Ballymena,MOAT BALLYMENA,95DD20W1,Moat
95DD21,Park Ballymena,PARK BALLYMENA,95DD21W1,Park
95DD22,Portglenone Ballymena,PORTGLENONE BALLYMENA,95DD22S1,Portglenone 1
95DD22,Portglenone Ballymena,PORTGLENONE BALLYMENA,95DD22S2,Portglenone 2
95DD23,Slemish Ballymena,SLEMISH BALLYMENA,95DD23W1,Slemish
95DD24,Summerfield Ballymena,SUMMERFIELD BALLYMENA,95DD24W1,Summerfield
95EE01,Ballyhoe and Corkey Ballymoney,BALLYHOE AND CORKEY BALLYMONEY,95EE01W1,Ballyhoe and Corkey
95EE02,Benvardin Ballymoney,BENVARDIN BALLYMONEY,95EE02W1,Benvardin
95EE03,Carnany Ballymoney,CARNANY BALLYMONEY,95EE03W1,Carnany
95EE04,Clogh Mills Ballymoney,CLOGH MILLS BALLYMONEY,95EE04W1,Clogh Mills
95EE05,Dervock Ballymoney,DERVOCK BALLYMONEY,95EE05W1,Dervock
95EE06,Dunloy Ballymoney,DUNLOY BALLYMONEY,95EE06W1,Dunloy
95EE07,Fairhill Ballymoney,FAIRHILL BALLYMONEY,95EE07W1,Fairhill
95EE08,Glebe Ballymoney,GLEBE (BALLYMONEY) BALLYMONEY,95EE08W1,Glebe
95EE09,Killoquin Lower Ballymoney,KILLOQUIN LOWER BALLYMONEY,95EE09W1,Killoquin Lower
95EE10,Killoquin Upper Ballymoney,KILLOQUIN UPPER BALLYMONEY,95EE10W1,Killoquin Upper
95EE11,Knockaholet Ballymoney,KNOCKAHOLET BALLYMONEY,95EE11W1,Knockaholet
95EE12,Newhill Ballymoney,NEWHILL BALLYMONEY,95EE12W1,Newhill
95EE13,Route Ballymoney,ROUTE BALLYMONEY,95EE13W1,Route
95EE14,Seacon Ballymoney,SEACON BALLYMONEY,95EE14W1,Seacon
95EE15,Stranocum Ballymoney,STRANOCUM BALLYMONEY,95EE15W1,Stranocum
95EE16,The Vow Ballymoney,THE VOW BALLYMONEY,95EE16W1,The Vow
95FF01,Ballydown Banbridge,BALLYDOWN BANBRIDGE,95FF01S1,Ballydown 1
95FF01,Ballydown Banbridge,BALLYDOWN BANBRIDGE,95FF01S2,Ballydown 2
95FF02,Ballyward Banbridge,BALLYWARD BANBRIDGE,95FF02W1,Ballyward
95FF03,Banbridge West Banbridge,BANBRIDGE WEST BANBRIDGE,95FF03W1,Banbridge West
95FF04,Bannside Banbridge,BANNSIDE BANBRIDGE,95FF04W1,Bannside
95FF05,Dromore North Banbridge,DROMORE NORTH BANBRIDGE,95FF05W1,Dromore North
95FF06,Dromore South Banbridge,DROMORE SOUTH BANBRIDGE,95FF06S1,Dromore South 1
95FF06,Dromore South Banbridge,DROMORE SOUTH BANBRIDGE,95FF06S2,Dromore South 2
95FF07,Edenderry Banbridge,EDENDERRY (BANBRIDGE) BANBRIDGE,95FF07W1,Edenderry
95FF08,Fort Banbridge,FORT BANBRIDGE,95FF08W1,Fort
95FF09,Gilford Banbridge,GILFORD BANBRIDGE,95FF09W1,Gilford
95FF10,Gransha Banbridge,GRANSHA BANBRIDGE,95FF10W1,Gransha
95FF11,Katesbridge Banbridge,KATESBRIDGE BANBRIDGE,95FF11W1,Katesbridge
95FF12,Lawrencetown Banbridge,LAWRENCETOWN BANBRIDGE,95FF12W1,Lawrencetown
95FF13,Loughbrickland Banbridge,LOUGHBRICKLAND BANBRIDGE,95FF13W1,Loughbrickland
95FF14,Quilly Banbridge,QUILLY BANBRIDGE,95FF14W1,Quilly
95FF15,Rathfriland Banbridge,RATHFRILAND BANBRIDGE,95FF15W1,Rathfriland
95FF16,Seapatrick Banbridge,SEAPATRICK BANBRIDGE,95FF16W1,Seapatrick
95FF17,The Cut Banbridge,THE CUT BANBRIDGE,95FF17W1,The Cut
95GG01,Andersonstown Belfast,ANDERSONSTOWN BELFAST,95GG01S1,Andersonstown 1
95GG01,Andersonstown Belfast,ANDERSONSTOWN BELFAST,95GG01S2,Andersonstown 2
95GG01,Andersonstown Belfast,ANDERSONSTOWN BELFAST,95GG01S3,Andersonstown 3
95GG02,Ardoyne Belfast,ARDOYNE BELFAST,95GG02S1,Ardoyne 1
95GG02,Ardoyne Belfast,ARDOYNE BELFAST,95GG02S2,Ardoyne 2
95GG02,Ardoyne Belfast,ARDOYNE BELFAST,95GG02S3,Ardoyne 3
95GG03,Ballyhackamore Belfast,BALLYHACKAMORE BELFAST,95GG03S1,Ballyhackamore 1
95GG03,Ballyhackamore Belfast,BALLYHACKAMORE BELFAST,95GG03S2,Ballyhackamore 2
95GG03,Ballyhackamore Belfast,BALLYHACKAMORE BELFAST,95GG03S3,Ballyhackamore 3
95GG04,Ballymacarrett Belfast,BALLYMACARRETT BELFAST,95GG04S1,Ballymacarrett 1
95GG04,Ballymacarrett Belfast,BALLYMACARRETT BELFAST,95GG04S2,Ballymacarrett 2
95GG04,Ballymacarrett Belfast,BALLYMACARRETT BELFAST,95GG04S3,Ballymacarrett 3
95GG05,Ballynafeigh Belfast,BALLYNAFEIGH BELFAST,95GG05S1,Ballynafeigh 1
95GG05,Ballynafeigh Belfast,BALLYNAFEIGH BELFAST,95GG05S2,Ballynafeigh 2
95GG05,Ballynafeigh Belfast,BALLYNAFEIGH BELFAST,95GG05S3,Ballynafeigh 3
95GG06,Ballysillan Belfast,BALLYSILLAN BELFAST,95GG06S1,Ballysillan 1
95GG06,Ballysillan Belfast,BALLYSILLAN BELFAST,95GG06S2,Ballysillan 2
95GG06,Ballysillan Belfast,BALLYSILLAN BELFAST,95GG06S3,Ballysillan 3
95GG07,Beechmount Belfast,BEECHMOUNT BELFAST,95GG07S1,Beechmount 1
95GG07,Beechmount Belfast,BEECHMOUNT BELFAST,95GG07S2,Beechmount 2
95GG07,Beechmount Belfast,BEECHMOUNT BELFAST,95GG07S3,Beechmount 3
95GG08,Bellevue Belfast,BELLEVUE BELFAST,95GG08S1,Bellevue 1
95GG08,Bellevue Belfast,BELLEVUE BELFAST,95GG08S2,Bellevue 2
95GG08,Bellevue Belfast,BELLEVUE BELFAST,95GG08S3,Bellevue 3
95GG09,Belmont Belfast,BELMONT BELFAST,95GG09S1,Belmont 1
95GG09,Belmont Belfast,BELMONT BELFAST,95GG09S2,Belmont 2
95GG09,Belmont Belfast,BELMONT BELFAST,95GG09S3,Belmont 3
95GG10,Blackstaff Belfast,BLACKSTAFF BELFAST,95GG10S1,Blackstaff 1
95GG10,Blackstaff Belfast,BLACKSTAFF BELFAST,95GG10S2,Blackstaff 2
95GG11,Bloomfield Belfast,BLOOMFIELD (BELFAST) BELFAST,95GG11S1,Bloomfield 1 (Belfast LGD)
95GG11,Bloomfield Belfast,BLOOMFIELD (BELFAST) BELFAST,95GG11S2,Bloomfield 2 (Belfast LGD)
95GG11,Bloomfield Belfast,BLOOMFIELD (BELFAST) BELFAST,95GG11S3,Bloomfield 3 (Belfast LGD)
95GG12,Botanic Belfast,BOTANIC BELFAST,95GG12S1,Botanic 1
95GG12,Botanic Belfast,BOTANIC BELFAST,95GG12S2,Botanic 2
95GG12,Botanic Belfast,BOTANIC BELFAST,95GG12S3,Botanic 3
95GG12,Botanic Belfast,BOTANIC BELFAST,95GG12S4,Botanic 4
95GG12,Botanic Belfast,BOTANIC BELFAST,95GG12S5,Botanic 5
95GG13,Castleview Belfast,CASTLEVIEW BELFAST,95GG13S1,Castleview 1
95GG13,Castleview Belfast,CASTLEVIEW BELFAST,95GG13S2,Castleview 2
95GG13,Castleview Belfast,CASTLEVIEW BELFAST,95GG13S3,Castleview 3
95GG14,Cavehill Belfast,CAVEHILL BELFAST,95GG14S1,Cavehill 1
95GG14,Cavehill Belfast,CAVEHILL BELFAST,95GG14S2,Cavehill 2
95GG14,Cavehill Belfast,CAVEHILL BELFAST,95GG14S3,Cavehill 3
95GG15,Cherryvalley Belfast,CHERRYVALLEY BELFAST,95GG15S1,Cherryvalley 1
95GG15,Cherryvalley Belfast,CHERRYVALLEY BELFAST,95GG15S2,Cherryvalley 2
95GG15,Cherryvalley Belfast,CHERRYVALLEY BELFAST,95GG15S3,Cherryvalley 3
95GG16,Chichester Park Belfast,CHICHESTER PARK BELFAST,95GG16S1,Chichester Park 1
95GG16,Chichester Park Belfast,CHICHESTER PARK BELFAST,95GG16S2,Chichester Park 2
95GG16,Chichester Park Belfast,CHICHESTER PARK BELFAST,95GG16S3,Chichester Park 3
95GG17,Cliftonville Belfast,CLIFTONVILLE BELFAST,95GG17S1,Cliftonville 1
95GG17,Cliftonville Belfast,CLIFTONVILLE BELFAST,95GG17S2,Cliftonville 2
95GG17,Cliftonville Belfast,CLIFTONVILLE BELFAST,95GG17S3,Cliftonville 3
95GG18,Clonard Belfast,CLONARD BELFAST,95GG18S1,Clonard 1
95GG18,Clonard Belfast,CLONARD BELFAST,95GG18S2,Clonard 2
95GG19,Crumlin Belfast,CRUMLIN (BELFAST) BELFAST,95GG19S1,Crumlin 1 (Belfast LGD)
95GG19,Crumlin Belfast,CRUMLIN (BELFAST) BELFAST,95GG19S2,Crumlin 2 (Belfast LGD)
95GG20,Duncairn Belfast,DUNCAIRN BELFAST,95GG20S1,Duncairn 1
95GG20,Duncairn Belfast,DUNCAIRN BELFAST,95GG20S2,Duncairn 2
95GG21,Falls Belfast,FALLS BELFAST,95GG21S1,Falls 1
95GG21,Falls Belfast,FALLS BELFAST,95GG21S2,Falls 2
95GG21,Falls Belfast,FALLS BELFAST,95GG21S3,Falls 3
95GG22,Falls Park Belfast,FALLS PARK BELFAST,95GG22S1,Falls Park 1
95GG22,Falls Park Belfast,FALLS PARK BELFAST,95GG22S2,Falls Park 2
95GG22,Falls Park Belfast,FALLS PARK BELFAST,95GG22S3,Falls Park 3
95GG23,Finaghy Belfast,FINAGHY BELFAST,95GG23S1,Finaghy 1
95GG23,Finaghy Belfast,FINAGHY BELFAST,95GG23S2,Finaghy 2
95GG23,Finaghy Belfast,FINAGHY BELFAST,95GG23S3,Finaghy 3
95GG24,Fortwilliam Belfast,FORTWILLIAM BELFAST,95GG24S1,Fortwilliam 1
95GG24,Fortwilliam Belfast,FORTWILLIAM BELFAST,95GG24S2,Fortwilliam 2
95GG24,Fortwilliam Belfast,FORTWILLIAM BELFAST,95GG24S3,Fortwilliam 3
95GG25,Glen Road Belfast,GLEN ROAD BELFAST,95GG25S1,Glen Road 1
95GG25,Glen Road Belfast,GLEN ROAD BELFAST,95GG25S2,Glen Road 2
95GG25,Glen Road Belfast,GLEN ROAD BELFAST,95GG25S3,Glen Road 3
95GG26,Glencairn Belfast,GLENCAIRN BELFAST,95GG26S1,Glencairn 1
95GG26,Glencairn Belfast,GLENCAIRN BELFAST,95GG26S2,Glencairn 2
95GG27,Glencolin Belfast,GLENCOLIN BELFAST,95GG27S1,Glencolin 1
95GG27,Glencolin Belfast,GLENCOLIN BELFAST,95GG27S2,Glencolin 2
95GG27,Glencolin Belfast,GLENCOLIN BELFAST,95GG27S3,Glencolin 3
95GG27,Glencolin Belfast,GLENCOLIN BELFAST,95GG27S4,Glencolin 4
95GG28,Highfield Belfast,HIGHFIELD BELFAST,95GG28S1,Highfield 1
95GG28,Highfield Belfast,HIGHFIELD BELFAST,95GG28S2,Highfield 2
95GG28,Highfield Belfast,HIGHFIELD BELFAST,95GG28S3,Highfield 3
95GG29,Island Belfast,ISLAND BELFAST,95GG29S1,Island 1
95GG29,Island Belfast,ISLAND BELFAST,95GG29S2,Island 2
95GG30,Knock Belfast,KNOCK BELFAST,95GG30S1,Knock 1
95GG30,Knock Belfast,KNOCK BELFAST,95GG30S2,Knock 2
95GG30,Knock Belfast,KNOCK BELFAST,95GG30S3,Knock 3
95GG31,Ladybrook Belfast,LADYBROOK BELFAST,95GG31S1,Ladybrook 1
95GG31,Ladybrook Belfast,LADYBROOK BELFAST,95GG31S2,Ladybrook 2
95GG31,Ladybrook Belfast,LADYBROOK BELFAST,95GG31S3,Ladybrook 3
95GG32,Legoniel Belfast,LEGONIEL BELFAST,95GG32S1,Legoniel 1
95GG32,Legoniel Belfast,LEGONIEL BELFAST,95GG32S2,Legoniel 2
95GG32,Legoniel Belfast,LEGONIEL BELFAST,95GG32S3,Legoniel 3
95GG33,Malone Belfast,MALONE BELFAST,95GG33S1,Malone 1
95GG33,Malone Belfast,MALONE BELFAST,95GG33S2,Malone 2
95GG33,Malone Belfast,MALONE BELFAST,95GG33S3,Malone 3
95GG34,Musgrave Belfast,MUSGRAVE BELFAST,95GG34S1,Musgrave 1
95GG34,Musgrave Belfast,MUSGRAVE BELFAST,95GG34S2,Musgrave 2
95GG34,Musgrave Belfast,MUSGRAVE BELFAST,95GG34S3,Musgrave 3
95GG35,New Lodge Belfast,NEW LODGE BELFAST,95GG35S1,New Lodge 1
95GG35,New Lodge Belfast,NEW LODGE BELFAST,95GG35S2,New Lodge 2
95GG35,New Lodge Belfast,NEW LODGE BELFAST,95GG35S3,New Lodge 3
95GG36,Orangefield Belfast,ORANGEFIELD BELFAST,95GG36S1,Orangefield 1
95GG36,Orangefield Belfast,ORANGEFIELD BELFAST,95GG36S2,Orangefield 2
95GG36,Orangefield Belfast,ORANGEFIELD BELFAST,95GG36S3,Orangefield 3
95GG37,Ravenhill Belfast,RAVENHILL BELFAST,95GG37S1,Ravenhill 1
95GG37,Ravenhill Belfast,RAVENHILL BELFAST,95GG37S2,Ravenhill 2
95GG37,Ravenhill Belfast,RAVENHILL BELFAST,95GG37S3,Ravenhill 3
95GG38,Rosetta Belfast,ROSETTA BELFAST,95GG38S1,Rosetta 1
95GG38,Rosetta Belfast,ROSETTA BELFAST,95GG38S2,Rosetta 2
95GG38,Rosetta Belfast,ROSETTA BELFAST,95GG38S3,Rosetta 3
95GG39,Shaftesbury Belfast,SHAFTESBURY BELFAST,95GG39S1,Shaftesbury 1
95GG39,Shaftesbury Belfast,SHAFTESBURY BELFAST,95GG39S2,Shaftesbury 2
95GG39,Shaftesbury Belfast,SHAFTESBURY BELFAST,95GG39S3,Shaftesbury 3
95GG40,Shankill Belfast,SHANKILL BELFAST,95GG40S1,Shankill 1
95GG40,Shankill Belfast,SHANKILL BELFAST,95GG40S2,Shankill 2
95GG41,Stormont Belfast,STORMONT BELFAST,95GG41S1,Stormont 1
95GG41,Stormont Belfast,STORMONT BELFAST,95GG41S2,Stormont 2
95GG41,Stormont Belfast,STORMONT BELFAST,95GG41S3,Stormont 3
95GG42,Stranmillis Belfast,STRANMILLIS BELFAST,95GG42S1,Stranmillis 1
95GG42,Stranmillis Belfast,STRANMILLIS BELFAST,95GG42S2,Stranmillis 2
95GG42,Stranmillis Belfast,STRANMILLIS BELFAST,95GG42S3,Stranmillis 3
95GG42,Stranmillis Belfast,STRANMILLIS BELFAST,95GG42S4,Stranmillis 4
95GG43,Sydenham Belfast,SYDENHAM BELFAST,95GG43S1,Sydenham 1
95GG43,Sydenham Belfast,SYDENHAM BELFAST,95GG43S2,Sydenham 2
95GG43,Sydenham Belfast,SYDENHAM BELFAST,95GG43S3,Sydenham 3
95GG44,The Mount Belfast,THE MOUNT BELFAST,95GG44S1,The Mount 1
95GG44,The Mount Belfast,THE MOUNT BELFAST,95GG44S2,The Mount 2
95GG45,Upper Malone Belfast,UPPER MALONE BELFAST,95GG45S1,Upper Malone 1
95GG45,Upper Malone Belfast,UPPER MALONE BELFAST,95GG45S2,Upper Malone 2
95GG45,Upper Malone Belfast,UPPER MALONE BELFAST,95GG45S3,Upper Malone 3
95GG46,Upper Springfield Belfast,UPPER SPRINGFIELD BELFAST,95GG46S1,Upper Springfield 1
95GG46,Upper Springfield Belfast,UPPER SPRINGFIELD BELFAST,95GG46S2,Upper Springfield 2
95GG46,Upper Springfield Belfast,UPPER SPRINGFIELD BELFAST,95GG46S3,Upper Springfield 3
95GG47,Water Works Belfast,WATER WORKS BELFAST,95GG47S1,Water Works 1
95GG47,Water Works Belfast,WATER WORKS BELFAST,95GG47S2,Water Works 2
95GG47,Water Works Belfast,WATER WORKS BELFAST,95GG47S3,Water Works 3
95GG48,Whiterock Belfast,WHITEROCK BELFAST,95GG48S1,Whiterock 1
95GG48,Whiterock Belfast,WHITEROCK BELFAST,95GG48S2,Whiterock 2
95GG48,Whiterock Belfast,WHITEROCK BELFAST,95GG48S3,Whiterock 3
95GG49,Windsor Belfast,WINDSOR BELFAST,95GG49S1,Windsor 1
95GG49,Windsor Belfast,WINDSOR BELFAST,95GG49S2,Windsor 2
95GG49,Windsor Belfast,WINDSOR BELFAST,95GG49S3,Windsor 3
95GG49,Windsor Belfast,WINDSOR BELFAST,95GG49S4,Windsor 4
95GG50,Woodstock Belfast,WOODSTOCK BELFAST,95GG50S1,Woodstock 1
95GG50,Woodstock Belfast,WOODSTOCK BELFAST,95GG50S2,Woodstock 2
95GG50,Woodstock Belfast,WOODSTOCK BELFAST,95GG50S3,Woodstock 3
95GG51,Woodvale Belfast,WOODVALE BELFAST,95GG51S1,Woodvale 1
95GG51,Woodvale Belfast,WOODVALE BELFAST,95GG51S2,Woodvale 2
95GG51,Woodvale Belfast,WOODVALE BELFAST,95GG51S3,Woodvale 3
95HH01,Blackhead Carrickfergus,BLACKHEAD CARRICKFERGUS,95HH01W1,Blackhead
95HH02,Bluefield Carrickfergus,BLUEFIELD CARRICKFERGUS,95HH02S1,Bluefield 1
95HH02,Bluefield Carrickfergus,BLUEFIELD CARRICKFERGUS,95HH02S2,Bluefield 2
95HH03,Boneybefore Carrickfergus,BONEYBEFORE CARRICKFERGUS,95HH03W1,Boneybefore
95HH04,Burleigh Hill Carrickfergus,BURLEIGH HILL CARRICKFERGUS,95HH04S1,Burleigh Hill 1
95HH04,Burleigh Hill Carrickfergus,BURLEIGH HILL CARRICKFERGUS,95HH04S2,Burleigh Hill 2
95HH05,Clipperstown Carrickfergus,CLIPPERSTOWN CARRICKFERGUS,95HH05W1,Clipperstown
95HH06,Eden Carrickfergus,EDEN CARRICKFERGUS,95HH06S1,Eden 1
95HH06,Eden Carrickfergus,EDEN CARRICKFERGUS,95HH06S2,Eden 2
95HH07,Gortalee Carrickfergus,GORTALEE CARRICKFERGUS,95HH07W1,Gortalee
95HH08,Greenisland Carrickfergus,GREENISLAND CARRICKFERGUS,95HH08W1,Greenisland
95HH09,Killycrot Carrickfergus,KILLYCROT CARRICKFERGUS,95HH09W1,Killycrot
95HH10,Knockagh Carrickfergus,KNOCKAGH CARRICKFERGUS,95HH10W1,Knockagh
95HH11,Love Lane Carrickfergus,LOVE LANE CARRICKFERGUS,95HH11W1,Love Lane
95HH12,Milebush Carrickfergus,MILEBUSH CARRICKFERGUS,95HH12W1,Milebush
95HH13,Northland Carrickfergus,NORTHLAND CARRICKFERGUS,95HH13W1,Northland
95HH14,Sunnylands Carrickfergus,SUNNYLANDS CARRICKFERGUS,95HH14W1,Sunnylands
95HH15,Victoria Carrickfergus,VICTORIA (CARRICKFERGUS) CARRICKFERGUS,95HH15W1,Victoria (Carrickfergus LGD)
95HH16,Whitehead Carrickfergus,WHITEHEAD CARRICKFERGUS,95HH16W1,Whitehead
95HH17,Woodburn Carrickfergus,WOODBURN CARRICKFERGUS,95HH17W1,Woodburn
95II01,Ballyhanwood Castlereagh,BALLYHANWOOD CASTLEREAGH,95II01S1,Ballyhanwood 1
95II01,Ballyhanwood Castlereagh,BALLYHANWOOD CASTLEREAGH,95II01S2,Ballyhanwood 2
95II02,Beechill Castlereagh,BEECHILL CASTLEREAGH,95II02S1,Beechill 1
95II02,Beechill Castlereagh,BEECHILL CASTLEREAGH,95II02S2,Beechill 2
95II02,Beechill Castlereagh,BEECHILL CASTLEREAGH,95II02S3,Beechill 3
95II03,Cairnshill Castlereagh,CAIRNSHILL CASTLEREAGH,95II03S1,Cairnshill 1
95II03,Cairnshill Castlereagh,CAIRNSHILL CASTLEREAGH,95II03S2,Cairnshill 2
95II04,Carrowreagh Castlereagh,CARROWREAGH CASTLEREAGH,95II04S1,Carrowreagh 1
95II04,Carrowreagh Castlereagh,CARROWREAGH CASTLEREAGH,95II04S2,Carrowreagh 2
95II05,Carryduff East Castlereagh,CARRYDUFF EAST CASTLEREAGH,95II05S1,Carryduff East 1
95II05,Carryduff East Castlereagh,CARRYDUFF EAST CASTLEREAGH,95II05S2,Carryduff East 2
95II06,Carryduff West Castlereagh,CARRYDUFF WEST CASTLEREAGH,95II06S1,Carryduff West 1
95II06,Carryduff West Castlereagh,CARRYDUFF WEST CASTLEREAGH,95II06S2,Carryduff West 2
95II07,Cregagh Castlereagh,CREGAGH CASTLEREAGH,95II07W1,Cregagh
95II08,Downshire Castlereagh,DOWNSHIRE CASTLEREAGH,95II08W1,Downshire
95II09,Dundonald Castlereagh,DUNDONALD CASTLEREAGH,95II09S1,Dundonald 1
95II09,Dundonald Castlereagh,DUNDONALD CASTLEREAGH,95II09S2,Dundonald 2
95II10,Enler Castlereagh,ENLER CASTLEREAGH,95II10W1,Enler
95II11,Galwally Castlereagh,GALWALLY CASTLEREAGH,95II11W1,Galwally
95II12,Gilnahirk Castlereagh,GILNAHIRK CASTLEREAGH,95II12W1,Gilnahirk
95II13,Graham's Bridge Castlereagh,GRAHAMS BRIDGE CASTLEREAGH,95II13W1,Graham's Bridge
95II14,Hillfoot Castlereagh,HILLFOOT CASTLEREAGH,95II14W1,Hillfoot
95II15,Knockbracken Castlereagh,KNOCKBRACKEN CASTLEREAGH,95II15S1,Knockbracken 1
95II15,Knockbracken Castlereagh,KNOCKBRACKEN CASTLEREAGH,95II15S2,Knockbracken 2
95II16,Lisnasharragh Castlereagh,LISNASHARRAGH CASTLEREAGH,95II16W1,Lisnasharragh
95II17,Lower Braniel Castlereagh,LOWER BRANIEL CASTLEREAGH,95II17W1,Lower Braniel
95II18,Minnowburn Castlereagh,MINNOWBURN CASTLEREAGH,95II18W1,Minnowburn
95II19,Moneyreagh Castlereagh,MONEYREAGH CASTLEREAGH,95II19S1,Moneyreagh 1
95II19,Moneyreagh Castlereagh,MONEYREAGH CASTLEREAGH,95II19S2,Moneyreagh 2
95II20,Newtownbreda Castlereagh,NEWTOWNBREDA CASTLEREAGH,95II20W1,Newtownbreda
95II21,Tullycarnet Castlereagh,Tullycarnet CASTLEREAGH,95II21W1,Tullycarnet
95II22,Upper Braniel Castlereagh,UPPER BRANIEL CASTLEREAGH,95II22W1,Upper Braniel
95II23,Wynchurch Castlereagh,WYNCHURCH CASTLEREAGH,95II23W1,Wynchurch
95JJ01,Agivey Coleraine,AGIVEY COLERAINE,95JJ01W1,Agivey
95JJ02,Atlantic Coleraine,ATLANTIC COLERAINE,95JJ02W1,Atlantic
95JJ03,Ballysally Coleraine,BALLYSALLY COLERAINE,95JJ03S1,Ballysally 1
95JJ03,Ballysally Coleraine,BALLYSALLY COLERAINE,95JJ03S2,Ballysally 2
95JJ04,Castlerock Coleraine,CASTLEROCK COLERAINE,95JJ04S1,Castlerock 1
95JJ04,Castlerock Coleraine,CASTLEROCK COLERAINE,95JJ04S2,Castlerock 2
95JJ05,Central Coleraine,CENTRAL (COLERAINE) COLERAINE,95JJ05W1,Central (Coleraine LGD)
95JJ06,Churchland Coleraine,CHURCHLAND COLERAINE,95JJ06W1,Churchland
95JJ07,Cross Glebe Coleraine,CROSS GLEBE COLERAINE,95JJ07W1,Cross Glebe
95JJ08,Dundooan Coleraine,DUNDOOAN COLERAINE,95JJ08S1,Dundooan 1
95JJ08,Dundooan Coleraine,DUNDOOAN COLERAINE,95JJ08S2,Dundooan 2
95JJ09,Dunluce Coleraine,DUNLUCE COLERAINE,95JJ09W1,Dunluce
95JJ10,Garvagh Coleraine,GARVAGH COLERAINE,95JJ10W1,Garvagh
95JJ11,Hopefield Coleraine,HOPEFIELD COLERAINE,95JJ11S1,Hopefield 1
95JJ11,Hopefield Coleraine,HOPEFIELD COLERAINE,95JJ11S2,Hopefield 2
95JJ12,Kilrea Coleraine,KILREA COLERAINE,95JJ12W1,Kilrea
95JJ13,Knocklynn Coleraine,KNOCKLYNN COLERAINE,95JJ13S1,Knocklynn 1
95JJ13,Knocklynn Coleraine,KNOCKLYNN COLERAINE,95JJ13S2,Knocklynn 2
95JJ14,Macosquin Coleraine,MACOSQUIN COLERAINE,95JJ14W1,Macosquin
95JJ15,Mount Sandel Coleraine,MOUNT SANDEL COLERAINE,95JJ15W1,Mount Sandel
95JJ16,Portstewart Coleraine,PORTSTEWART COLERAINE,95JJ16W1,Portstewart
95JJ17,Ringsend Coleraine,RINGSEND COLERAINE,95JJ17W1,Ringsend
95JJ18,Royal Portrush Coleraine,ROYAL PORTRUSH COLERAINE,95JJ18W1,Royal Portrush
95JJ19,Strand Coleraine,STRAND (COLERAINE) COLERAINE,95JJ19S1,Strand 1 (Coleraine LGD)
95JJ19,Strand Coleraine,STRAND (COLERAINE) COLERAINE,95JJ19S2,Strand 2 (Coleraine LGD)
95JJ20,The Cuts Coleraine,THE CUTS COLERAINE,95JJ20S1,The Cuts 1
95JJ20,The Cuts Coleraine,THE CUTS COLERAINE,95JJ20S2,The Cuts 2
95JJ21,University Coleraine,UNIVERSITY COLERAINE,95JJ21W1,University
95JJ22,Waterside Coleraine,Waterside COLERAINE,95JJ22W1,Waterside
95KK01,Ardboe Cookstown,ARDBOE COOKSTOWN,95KK01W1,Ardboe
95KK02,Coagh Cookstown,COAGH COOKSTOWN,95KK02W1,Coagh
95KK03,Dunnamore Cookstown,DUNNAMORE COOKSTOWN,95KK03W1,Dunnamore
95KK04,Gortalowry Cookstown,GORTALOWRY COOKSTOWN,95KK04W1,Gortalowry
95KK05,Killycolpy Cookstown,KILLYCOLPY COOKSTOWN,95KK05W1,Killycolpy
95KK06,Killymoon Cookstown,KILLYMOON COOKSTOWN,95KK06W1,Killymoon
95KK07,Lissan Cookstown,LISSAN COOKSTOWN,95KK07W1,Lissan
95KK08,Moneymore Cookstown,MONEYMORE COOKSTOWN,95KK08W1,Moneymore
95KK09,Newbuildings Cookstown,NEWBUILDINGS COOKSTOWN,95KK09W1,Newbuildings
95KK10,Oaklands Cookstown,OAKLANDS COOKSTOWN,95KK10W1,Oaklands
95KK11,Oldtown Cookstown,OLDTOWN COOKSTOWN,95KK11W1,Oldtown
95KK12,Pomeroy Cookstown,POMEROY COOKSTOWN,95KK12W1,Pomeroy
95KK13,Sandholes Cookstown,SANDHOLES COOKSTOWN,95KK13W1,Sandholes
95KK14,Stewartstown Cookstown,STEWARTSTOWN COOKSTOWN,95KK14W1,Stewartstown
95KK15,The Loop Cookstown,THE LOOP COOKSTOWN,95KK15W1,The Loop
95KK16,Tullagh Cookstown,TULLAGH COOKSTOWN,95KK16W1,Tullagh
95LL01,Aghagallon Craigavon,AGHAGALLON CRAIGAVON,95LL01S1,Aghagallon 1
95LL01,Aghagallon Craigavon,AGHAGALLON CRAIGAVON,95LL01S2,Aghagallon 2
95LL02,Annagh Craigavon,ANNAGH CRAIGAVON,95LL02S1,Annagh 1
95LL02,Annagh Craigavon,ANNAGH CRAIGAVON,95LL02S2,Annagh 2
95LL03,Ballybay Craigavon,BALLYBAY CRAIGAVON,95LL03W1,Ballybay
95LL04,Ballyoran Craigavon,BALLYORAN CRAIGAVON,95LL04W1,Ballyoran
95LL05,Bleary Craigavon,BLEARY CRAIGAVON,95LL05S1,Bleary 1
95LL05,Bleary Craigavon,BLEARY CRAIGAVON,95LL05S2,Bleary 2
95LL06,Brownstown Craigavon,BROWNSTOWN CRAIGAVON,95LL06S1,Brownstown 1
95LL06,Brownstown Craigavon,BROWNSTOWN CRAIGAVON,95LL06S2,Brownstown 2
95LL07,Church Craigavon,CHURCH CRAIGAVON,95LL07W1,Church
95LL08,Corcrain Craigavon,CORCRAIN CRAIGAVON,95LL08S1,Corcrain 1
95LL08,Corcrain Craigavon,CORCRAIN CRAIGAVON,95LL08S2,Corcrain 2
95LL09,Court Craigavon,COURT CRAIGAVON,95LL09S1,Court 1
95LL09,Court Craigavon,COURT CRAIGAVON,95LL09S2,Court 2
95LL10,Derrytrasna Craigavon,DERRYTRASNA CRAIGAVON,95LL10S1,Derrytrasna 1
95LL10,Derrytrasna Craigavon,DERRYTRASNA CRAIGAVON,95LL10S2,Derrytrasna 2
95LL11,Donaghcloney Craigavon,DONAGHCLONEY CRAIGAVON,95LL11S1,Donaghcloney 1
95LL11,Donaghcloney Craigavon,DONAGHCLONEY CRAIGAVON,95LL11S2,Donaghcloney 2
95LL12,Drumgask Craigavon,DRUMGASK CRAIGAVON,95LL12S1,Drumgask 1
95LL12,Drumgask Craigavon,DRUMGASK CRAIGAVON,95LL12S2,Drumgask 2
95LL13,Drumgor Craigavon,DRUMGOR CRAIGAVON,95LL13S1,Drumgor 1
95LL13,Drumgor Craigavon,DRUMGOR CRAIGAVON,95LL13S2,Drumgor 2
95LL14,Drumnamoe Craigavon,DRUMNAMOE CRAIGAVON,95LL14S1,Drumnamoe 1
95LL14,Drumnamoe Craigavon,DRUMNAMOE CRAIGAVON,95LL14S2,Drumnamoe 2
95LL15,Edenderry Craigavon,EDENDERRY (CRAIGAVON) CRAIGAVON,95LL15S1,Edenderry 1
95LL15,Edenderry Craigavon,EDENDERRY (CRAIGAVON) CRAIGAVON,95LL15S2,Edenderry 2
95LL16,Kernan Craigavon,KERNAN CRAIGAVON,95LL16S1,Kernan 1
95LL16,Kernan Craigavon,KERNAN CRAIGAVON,95LL16S2,Kernan 2
95LL17,Killycomain Craigavon,KILLYCOMAIN CRAIGAVON,95LL17W1,Killycomain
95LL18,Knocknashane Craigavon,KNOCKNASHANE CRAIGAVON,95LL18S1,Knocknashane 1
95LL18,Knocknashane Craigavon,KNOCKNASHANE CRAIGAVON,95LL18S2,Knocknashane 2
95LL19,Magheralin Craigavon,MAGHERALIN CRAIGAVON,95LL19S1,Magheralin 1
95LL19,Magheralin Craigavon,MAGHERALIN CRAIGAVON,95LL19S2,Magheralin 2
95LL20,Mourneview Craigavon,MOURNEVIEW CRAIGAVON,95LL20W1,Mourneview
95LL21,Parklake Craigavon,PARKLAKE CRAIGAVON,95LL21W1,Parklake
95LL22,Taghnevan Craigavon,TAGHNEVAN CRAIGAVON,95LL22W1,Taghnevan
95LL23,Tavanagh Craigavon,TAVANAGH CRAIGAVON,95LL23W1,Tavanagh
95LL24,The Birches Craigavon,THE BIRCHES CRAIGAVON,95LL24S1,The Birches 1
95LL24,The Birches Craigavon,THE BIRCHES CRAIGAVON,95LL24S2,The Birches 2
95LL25,Waringstown Craigavon,WARINGSTOWN CRAIGAVON,95LL25S1,Waringstown 1
95LL25,Waringstown Craigavon,WARINGSTOWN CRAIGAVON,95LL25S2,Waringstown 2
95LL26,Woodville Craigavon,WOODVILLE CRAIGAVON,95LL26S1,Woodville 1
95LL26,Woodville Craigavon,WOODVILLE CRAIGAVON,95LL26S2,Woodville 2
95MM01,Altnagelvin Derry,ALTNAGELVIN DERRY,95MM01S1,Altnagelvin 1
95MM01,Altnagelvin Derry,ALTNAGELVIN DERRY,95MM01S2,Altnagelvin 2
95MM01,Altnagelvin Derry,ALTNAGELVIN DERRY,95MM01S3,Altnagelvin 3
95MM02,Ballynashallog Derry,BALLYNASHALLOG DERRY,95MM02S1,Ballynashallog 1
95MM02,Ballynashallog Derry,BALLYNASHALLOG DERRY,95MM02S2,Ballynashallog 2
95MM03,Banagher Derry,BANAGHER DERRY,95MM03W1,Banagher
95MM04,Beechwood Derry,BEECHWOOD DERRY,95MM04W1,Beechwood
95MM05,Brandywell Derry,BRANDYWELL DERRY,95MM05W1,Brandywell
95MM06,Carn Hill Derry,CARN HILL DERRY,95MM06S1,Carn Hill 1
95MM06,Carn Hill Derry,CARN HILL DERRY,95MM06S2,Carn Hill 2
95MM07,Caw Derry,CAW DERRY,95MM07W1,Caw
95MM08,Clondermot Derry,CLONDERMOT DERRY,95MM08S1,Clondermot 1
95MM08,Clondermot Derry,CLONDERMOT DERRY,95MM08S2,Clondermot 2
95MM09,Claudy Derry,CLAUDY DERRY,95MM09S1,Claudy 1
95MM09,Claudy Derry,CLAUDY DERRY,95MM09S2,Claudy 2
95MM10,Creggan Central Derry,CREGGAN CENTRAL DERRY,95MM10S1,Creggan Central 1
95MM10,Creggan Central Derry,CREGGAN CENTRAL DERRY,95MM10S2,Creggan Central 2
95MM11,Creggan South Derry,CREGGAN SOUTH DERRY,95MM11W1,Creggan South
95MM12,Crevagh Derry,CREVAGH DERRY,95MM12S1,Crevagh 1
95MM12,Crevagh Derry,CREVAGH DERRY,95MM12S2,Crevagh 2
95MM12,Crevagh Derry,CREVAGH DERRY,95MM12S3,Crevagh 3
95MM13,Culmore Derry,CULMORE DERRY,95MM13S1,Culmore 1
95MM13,Culmore Derry,CULMORE DERRY,95MM13S2,Culmore 2
95MM13,Culmore Derry,CULMORE DERRY,95MM13S3,Culmore 3
95MM13,Culmore Derry,CULMORE DERRY,95MM13S4,Culmore 4
95MM13,Culmore Derry,CULMORE DERRY,95MM13S5,Culmore 5
95MM14,Ebrington Derry,EBRINGTON DERRY,95MM14S1,Ebrington 1
95MM14,Ebrington Derry,EBRINGTON DERRY,95MM14S2,Ebrington 2
95MM15,Eglinton Derry,EGLINTON DERRY,95MM15S1,Eglinton 1
95MM15,Eglinton Derry,EGLINTON DERRY,95MM15S2,Eglinton 2
95MM16,Enagh Derry,ENAGH (DERRY) DERRY,95MM16S1,Enagh 1 (Derry LGD)
95MM16,Enagh Derry,ENAGH (DERRY) DERRY,95MM16S2,Enagh 2 (Derry LGD)
95MM17,Foyle Springs Derry,FOYLE SPRINGS DERRY,95MM17S1,Foyle Springs 1
95MM17,Foyle Springs Derry,FOYLE SPRINGS DERRY,95MM17S2,Foyle Springs 2
95MM18,Holly Mount Derry,HOLLY MOUNT DERRY,95MM18S1,Holly Mount 1
95MM18,Holly Mount Derry,HOLLY MOUNT DERRY,95MM18S2,Holly Mount 2
95MM19,Kilfennan Derry,KILFENNAN DERRY,95MM19S1,Kilfennan 1
95MM19,Kilfennan Derry,KILFENNAN DERRY,95MM19S2,Kilfennan 2
95MM20,Lisnagelvin Derry,LISNAGELVIN DERRY,95MM20S1,Lisnagelvin 1
95MM20,Lisnagelvin Derry,LISNAGELVIN DERRY,95MM20S2,Lisnagelvin 2
95MM21,New Buildings Derry,NEW BUILDINGS DERRY,95MM21S1,New Buildings 1
95MM21,New Buildings Derry,NEW BUILDINGS DERRY,95MM21S2,New Buildings 2
95MM22,Pennyburn Derry,PENNYBURN DERRY,95MM22S1,Pennyburn 1
95MM22,Pennyburn Derry,PENNYBURN DERRY,95MM22S2,Pennyburn 2
95MM23,Rosemount Derry,ROSEMOUNT DERRY,95MM23W1,Rosemount
95MM24,Shantallow East Derry,SHANTALLOW EAST DERRY,95MM24W1,Shantallow East
95MM25,Shantallow West Derry,SHANTALLOW WEST DERRY,95MM25S1,Shantallow West 1
95MM25,Shantallow West Derry,SHANTALLOW WEST DERRY,95MM25S2,Shantallow West 2
95MM25,Shantallow West Derry,SHANTALLOW WEST DERRY,95MM25S3,Shantallow West 3
95MM25,Shantallow West Derry,SHANTALLOW WEST DERRY,95MM25S4,Shantallow West 4
95MM26,Springtown Derry,SPRINGTOWN DERRY,95MM26S1,Springtown 1
95MM26,Springtown Derry,SPRINGTOWN DERRY,95MM26S2,Springtown 2
95MM27,Strand Derry,STRAND (DERRY) DERRY,95MM27S1,Strand 1 (Derry LGD)
95MM27,Strand Derry,STRAND (DERRY) DERRY,95MM27S2,Strand 2 (Derry LGD)
95MM28,The Diamond Derry,THE DIAMOND DERRY,95MM28W1,The Diamond
95MM29,Victoria Derry,VICTORIA (DERRY) DERRY,95MM29W1,Victoria (Derry LGD)
95MM30,Westland Derry,WESTLAND DERRY,95MM30W1,Westland
95NN01,Ardglass Down,ARDGLASS DOWN,95NN01S1,Ardglass 1
95NN01,Ardglass Down,ARDGLASS DOWN,95NN01S2,Ardglass 2
95NN02,Audley's Acre Down,AUDLEYS ACRE DOWN,95NN02W1,Audley's Acre
95NN03,Ballymaglave Down,BALLYMAGLAVE DOWN,95NN03S1,Ballymaglave 1
95NN03,Ballymaglave Down,BALLYMAGLAVE DOWN,95NN03S2,Ballymaglave 2
95NN04,Ballymote Down,BALLYMOTE DOWN,95NN04W1,Ballymote
95NN05,Ballynahinch East Down,BALLYNAHINCH EAST DOWN,95NN05W1,Ballynahinch East
95NN06,Castlewellan Down,CASTLEWELLAN DOWN,95NN06S1,Castlewellan 1
95NN06,Castlewellan Down,CASTLEWELLAN DOWN,95NN06S2,Castlewellan 2
95NN07,Cathedral Down,CATHEDRAL DOWN,95NN07S1,Cathedral 1
95NN07,Cathedral Down,CATHEDRAL DOWN,95NN07S2,Cathedral 2
95NN08,Crossgar Down,CROSSGAR DOWN,95NN08S1,Crossgar 1
95NN08,Crossgar Down,CROSSGAR DOWN,95NN08S2,Crossgar 2
95NN09,Derryboy Down,DERRYBOY DOWN,95NN09S1,Derryboy 1
95NN09,Derryboy Down,DERRYBOY DOWN,95NN09S2,Derryboy 2
95NN10,Donard Down,DONARD DOWN,95NN10S1,Donard 1
95NN10,Donard Down,DONARD DOWN,95NN10S2,Donard 2
95NN11,Drumaness Down,DRUMANESS DOWN,95NN11S1,Drumaness 1
95NN11,Drumaness Down,DRUMANESS DOWN,95NN11S2,Drumaness 2
95NN12,Dundrum Down,DUNDRUM DOWN,95NN12W1,Dundrum
95NN13,Dunmore Down,DUNMORE DOWN,95NN13W1,Dunmore
95NN14,Killough Down,KILLOUGH DOWN,95NN14S1,Killough 1
95NN14,Killough Down,KILLOUGH DOWN,95NN14S2,Killough 2
95NN15,Killyleagh Down,KILLYLEAGH DOWN,95NN15W1,Killyleagh
95NN16,Kilmore Down,KILMORE DOWN,95NN16S1,Kilmore 1
95NN16,Kilmore Down,KILMORE DOWN,95NN16S2,Kilmore 2
95NN17,Murlough Down,MURLOUGH DOWN,95NN17W1,Murlough
95NN18,Quoile Down,QUOILE DOWN,95NN18S1,Quoile 1
95NN18,Quoile Down,QUOILE DOWN,95NN18S2,Quoile 2
95NN19,Saintfield Down,SAINTFIELD DOWN,95NN19S1,Saintfield 1
95NN19,Saintfield Down,SAINTFIELD DOWN,95NN19S2,Saintfield 2
95NN20,Seaforde Down,SEAFORDE DOWN,95NN20W1,Seaforde
95NN21,Shimna Down,SHIMNA DOWN,95NN21W1,Shimna
95NN22,Strangford Down,STRANGFORD DOWN,95NN22W1,Strangford
95NN23,Tollymore Down,TOLLYMORE DOWN,95NN23S1,Tollymore 1
95NN23,Tollymore Down,TOLLYMORE DOWN,95NN23S2,Tollymore 2
95OO01,Altmore Dungannon,ALTMORE DUNGANNON,95OO01W1,Altmore
95OO02,Augher Dungannon,AUGHER DUNGANNON,95OO02W1,Augher
95OO03,Aughnacloy Dungannon,AUGHNACLOY DUNGANNON,95OO03W1,Aughnacloy
95OO04,Ballygawley Dungannon,BALLYGAWLEY DUNGANNON,95OO04W1,Ballygawley
95OO05,Ballysaggart Dungannon,BALLYSAGGART DUNGANNON,95OO05W1,Ballysaggart
95OO06,Benburb Dungannon,BENBURB DUNGANNON,95OO06W1,Benburb
95OO07,Caledon Dungannon,CALEDON DUNGANNON,95OO07W1,Caledon
95OO08,Castlecaulfield Dungannon,CASTLECAULFIELD DUNGANNON,95OO08W1,Castlecaulfield
95OO09,Clogher Dungannon,CLOGHER DUNGANNON,95OO09W1,Clogher
95OO10,Coalisland North Dungannon,COALISLAND NORTH DUNGANNON,95OO10W1,Coalisland North
95OO11,Coalisland South Dungannon,COALISLAND SOUTH DUNGANNON,95OO11W1,Coalisland South
95OO12,Coalisland West and Newmills Dungannon,COALISLAND WEST AND NEWMILLS DUNGANNON,95OO12W1,Coalisland West and Newmills
95OO13,Coolhill Dungannon,COOLHILL DUNGANNON,95OO13W1,Coolhill
95OO14,Donaghmore Dungannon,DONAGHMORE (DUNGANNON) DUNGANNON,95OO14W1,Donaghmore
95OO15,Drumglass Dungannon,DRUMGLASS DUNGANNON,95OO15W1,Drumglass
95OO16,Fivemiletown Dungannon,FIVEMILETOWN DUNGANNON,95OO16W1,Fivemiletown
95OO17,Killyman Dungannon,KILLYMAN DUNGANNON,95OO17W1,Killyman
95OO18,Killymeal Dungannon,KILLYMEAL DUNGANNON,95OO18W1,Killymeal
95OO19,Moy Dungannon,MOY DUNGANNON,95OO19W1,Moy
95OO20,Moygashel Dungannon,MOYGASHEL DUNGANNON,95OO20W1,Moygashel
95OO21,Mullaghmore Dungannon,MULLAGHMORE DUNGANNON,95OO21W1,Mullaghmore
95OO22,Washing Bay Dungannon,WASHING BAY DUNGANNON,95OO22W1,Washing Bay
95PP01,Ballinamallard Fermanagh,BALLINAMALLARD FERMANAGH,95PP01W1,Ballinamallard
95PP02,Belcoo and Garrison Fermanagh,BELCOO AND GARRISON FERMANAGH,95PP02W1,Belcoo and Garrison
95PP03,Belleek and Boa Fermanagh,BELLEEK AND BOA FERMANAGH,95PP03W1,Belleek and Boa
95PP04,Boho Cleenish and Letterbreen Fermanagh,BOHO CLEENISH AND LETTERBREEN FERMANAGH,95PP04W1,Boho Cleenish and Letterbreen
95PP05,Brookeborough Fermanagh,BROOKEBOROUGH FERMANAGH,95PP05W1,Brookeborough
95PP06,Castlecoole Fermanagh,CASTLECOOLE FERMANAGH,95PP06S1,Castlecoole 1
95PP06,Castlecoole Fermanagh,CASTLECOOLE FERMANAGH,95PP06S2,Castlecoole 2
95PP07,Derrygonnelly Fermanagh,DERRYGONNELLY FERMANAGH,95PP07W1,Derrygonnelly
95PP08,Derrylin Fermanagh,DERRYLIN FERMANAGH,95PP08W1,Derrylin
95PP09,Devenish Fermanagh,DEVENISH FERMANAGH,95PP09W1,Devenish
95PP10,Donagh Fermanagh,DONAGH FERMANAGH,95PP10W1,Donagh
95PP11,Erne Fermanagh,ERNE FERMANAGH,95PP11W1,Erne
95PP12,Florence Court and Kinawley Fermanagh,FLORENCECOURT AND KINAWLEY FERMANAGH,95PP12W1,Florence Court and Kinawley
95PP13,Irvinestown Fermanagh,IRVINESTOWN FERMANAGH,95PP13W1,Irvinestown
95PP14,Kesh Ederney and Lack Fermanagh,KESH EDERNEY AND LACK FERMANAGH,95PP14S1,Kesh Ederney and Lack 1
95PP14,Kesh Ederney and Lack Fermanagh,KESH EDERNEY AND LACK FERMANAGH,95PP14S2,Kesh Ederney and Lack 2
95PP15,Lisbellaw Fermanagh,LISBELLAW FERMANAGH,95PP15W1,Lisbellaw
95PP16,Lisnarrick Fermanagh,LISNARRICK FERMANAGH,95PP16W1,Lisnarrick
95PP17,Lisnaskea Fermanagh,LISNASKEA FERMANAGH,95PP17W1,Lisnaskea
95PP18,Maguires Bridge Fermanagh,MAGUIRESBRIDGE FERMANAGH,95PP18W1,Maguiresbridge
95PP19,Newtownbutler Fermanagh,NEWTOWNBUTLER FERMANAGH,95PP19W1,Newtownbutler
95PP20,Portora Fermanagh,PORTORA FERMANAGH,95PP20W1,Portora
95PP21,Rosslea Fermanagh,ROSSLEA FERMANAGH,95PP21W1,Rosslea
95PP22,Rossorry Fermanagh,ROSSORRY FERMANAGH,95PP22W1,Rossorry
95PP23,Tempo Fermanagh,TEMPO FERMANAGH,95PP23W1,Tempo
95QQ01,Antiville Larne,ANTIVILLE LARNE,95QQ01W1,Antiville
95QQ02,Ballycarry Larne,BALLYCARRY LARNE,95QQ02W1,Ballycarry
95QQ03,Ballyloran Larne,BALLYLORAN LARNE,95QQ03W1,Ballyloran
95QQ04,Blackcave Larne,BLACKCAVE LARNE,95QQ04W1,Blackcave
95QQ05,Carncastle Larne,CARNCASTLE LARNE,95QQ05W1,Carncastle
95QQ06,Carnlough Larne,CARNLOUGH LARNE,95QQ06W1,Carnlough
95QQ07,Central Larne,CENTRAL (LARNE) LARNE,95QQ07W1,Central (Larne LGD)
95QQ08,Craigy Hill Larne,CRAIGY HILL LARNE,95QQ08W1,Craigy Hill
95QQ09,Gardenmore Larne,GARDENMORE LARNE,95QQ09W1,Gardenmore
95QQ10,Glenarm Larne,GLENARM LARNE,95QQ10W1,Glenarm
95QQ11,Glynn Larne,GLYNN LARNE,95QQ11W1,Glynn
95QQ12,Harbour Larne,HARBOUR (LARNE) LARNE,95QQ12W1,Harbour
95QQ13,Island Magee Larne,ISLAND MAGEE LARNE,95QQ13W1,Island Magee
95QQ14,Kilwaughter Larne,KILWAUGHTER LARNE,95QQ14S1,Kilwaughter 1
95QQ14,Kilwaughter Larne,KILWAUGHTER LARNE,95QQ14S2,Kilwaughter 2
95QQ15,Town Parks Larne,TOWN PARKS LARNE,95QQ15W1,Town Parks
95RR01,Aghanloo Limavady,AGHANLOO LIMAVADY,95RR01S1,Aghanloo 1
95RR01,Aghanloo Limavady,AGHANLOO LIMAVADY,95RR01S2,Aghanloo 2
95RR02,Ballykelly Limavady,BALLYKELLY LIMAVADY,95RR02W1,Ballykelly
95RR03,Coolessan Limavady,COOLESSAN LIMAVADY,95RR03W1,Coolessan
95RR04,Dungiven Limavady,DUNGIVEN LIMAVADY,95RR04W1,Dungiven
95RR05,Enagh Limavady,ENAGH (LIMAVADY) LIMAVADY,95RR05S1,Enagh 1 (Limavady LGD)
95RR05,Enagh Limavady,ENAGH (LIMAVADY) LIMAVADY,95RR05S2,Enagh 2 (Limavady LGD)
95RR06,Feeny Limavady,FEENY LIMAVADY,95RR06W1,Feeny
95RR07,Forest Limavady,FOREST LIMAVADY,95RR07W1,Forest
95RR08,Glack Limavady,GLACK LIMAVADY,95RR08W1,Glack
95RR09,Gresteel Limavady,GRESTEEL LIMAVADY,95RR09S1,Gresteel 1
95RR09,Gresteel Limavady,GRESTEEL LIMAVADY,95RR09S2,Gresteel 2
95RR10,Greystone Limavady,GREYSTONE (LIMAVADY) LIMAVADY,95RR10W1,Greystone (Limavady LGD)
95RR11,Magilligan Limavady,MAGILLIGAN LIMAVADY,95RR11W1,Magilligan
95RR12,Rathbrady Limavady,RATHBRADY LIMAVADY,95RR12W1,Rathbrady
95RR13,Roeside Limavady,ROESIDE LIMAVADY,95RR13W1,Roeside
95RR14,The Highlands Limavady,THE HIGHLANDS LIMAVADY,95RR14W1,The Highlands
95RR15,Upper Glenshane Limavady,UPPER GLENSHANE LIMAVADY,95RR15W1,Upper Glenshane
95SS01,Ballinderry Lisburn,BALLINDERRY LISBURN,95SS01S1,Ballinderry 1
95SS01,Ballinderry Lisburn,BALLINDERRY LISBURN,95SS01S2,Ballinderry 2
95SS02,Ballymacash Lisburn,BALLYMACASH LISBURN,95SS02S1,Ballymacash 1
95SS02,Ballymacash Lisburn,BALLYMACASH LISBURN,95SS02S2,Ballymacash 2
95SS03,Ballymacbrennan Lisburn,BALLYMACBRENNAN LISBURN,95SS03S1,Ballymacbrennan 1
95SS03,Ballymacbrennan Lisburn,BALLYMACBRENNAN LISBURN,95SS03S2,Ballymacbrennan 2
95SS04,Ballymacoss Lisburn,BALLYMACOSS LISBURN,95SS04S1,Ballymacoss 1
95SS04,Ballymacoss Lisburn,BALLYMACOSS LISBURN,95SS04S2,Ballymacoss 2
95SS04,Ballymacoss Lisburn,BALLYMACOSS LISBURN,95SS04S3,Ballymacoss 3
95SS05,Blaris Lisburn,BLARIS LISBURN,95SS05S1,Blaris 1
95SS05,Blaris Lisburn,BLARIS LISBURN,95SS05S2,Blaris 2
95SS06,Collin Glen Lisburn,COLLIN GLEN LISBURN,95SS06S1,Collin Glen 1
95SS06,Collin Glen Lisburn,COLLIN GLEN LISBURN,95SS06S2,Collin Glen 2
95SS06,Collin Glen Lisburn,COLLIN GLEN LISBURN,95SS06S3,Collin Glen 3
95SS07,Derryaghy Lisburn,DERRYAGHY LISBURN,95SS07S1,Derryaghy 1
95SS07,Derryaghy Lisburn,DERRYAGHY LISBURN,95SS07S2,Derryaghy 2
95SS07,Derryaghy Lisburn,DERRYAGHY LISBURN,95SS07S3,Derryaghy 3
95SS08,Dromara Lisburn,DROMARA LISBURN,95SS08S1,Dromara 1
95SS08,Dromara Lisburn,DROMARA LISBURN,95SS08S2,Dromara 2
95SS09,Drumbo Lisburn,DRUMBO LISBURN,95SS09S1,Drumbo 1
95SS09,Drumbo Lisburn,DRUMBO LISBURN,95SS09S2,Drumbo 2
95SS10,Dunmurry Lisburn,DUNMURRY LISBURN,95SS10S1,Dunmurry 1
95SS10,Dunmurry Lisburn,DUNMURRY LISBURN,95SS10S2,Dunmurry 2
95SS11,Glenavy Lisburn,GLENAVY LISBURN,95SS11S1,Glenavy 1
95SS11,Glenavy Lisburn,GLENAVY LISBURN,95SS11S2,Glenavy 2
95SS12,Harmony Hill Lisburn,HARMONY HILL LISBURN,95SS12W1,Harmony Hill
95SS13,Hilden Lisburn,HILDEN LISBURN,95SS13S1,Hilden 1
95SS13,Hilden Lisburn,HILDEN LISBURN,95SS13S2,Hilden 2
95SS14,Hillhall Lisburn,HILLHALL LISBURN,95SS14S1,Hillhall 1
95SS14,Hillhall Lisburn,HILLHALL LISBURN,95SS14S2,Hillhall 2
95SS15,Hillsborough Lisburn,HILLSBOROUGH LISBURN,95SS15S1,Hillsborough 1
95SS15,Hillsborough Lisburn,HILLSBOROUGH LISBURN,95SS15S2,Hillsborough 2
95SS16,Kilwee Lisburn,KILWEE LISBURN,95SS16S1,Kilwee 1
95SS16,Kilwee Lisburn,KILWEE LISBURN,95SS16S2,Kilwee 2
95SS17,Knockmore Lisburn,KNOCKMORE LISBURN,95SS17S1,Knockmore 1
95SS17,Knockmore Lisburn,KNOCKMORE LISBURN,95SS17S2,Knockmore 2
95SS18,Lagan Valley Lisburn,LAGAN VALLEY LISBURN,95SS18S1,Lagan Valley 1
95SS18,Lagan Valley Lisburn,LAGAN VALLEY LISBURN,95SS18S2,Lagan Valley 2
95SS19,Lambeg Lisburn,LAMBEG LISBURN,95SS19S1,Lambeg 1
95SS19,Lambeg Lisburn,LAMBEG LISBURN,95SS19S2,Lambeg 2
95SS20,Lisnagarvey Lisburn,LISNAGARVY LISBURN,95SS20W1,Lisnagarvey
95SS21,Maghaberry Lisburn,MAGHABERRY LISBURN,95SS21S1,Maghaberry 1
95SS21,Maghaberry Lisburn,MAGHABERRY LISBURN,95SS21S2,Maghaberry 2
95SS22,Magheralave Lisburn,MAGHERALAVE LISBURN,95SS22S1,Magheralave 1
95SS22,Magheralave Lisburn,MAGHERALAVE LISBURN,95SS22S2,Magheralave 2
95SS23,Maze Lisburn,MAZE LISBURN,95SS23S1,Maze 1
95SS23,Maze Lisburn,MAZE LISBURN,95SS23S2,Maze 2
95SS24,Moira Lisburn,MOIRA LISBURN,95SS24S1,Moira 1
95SS24,Moira Lisburn,MOIRA LISBURN,95SS24S2,Moira 2
95SS25,Old Warren Lisburn,OLD WARREN LISBURN,95SS25W1,Old Warren
95SS26,Poleglass Lisburn,POLEGLASS LISBURN,95SS26S1,Poleglass 1
95SS26,Poleglass Lisburn,POLEGLASS LISBURN,95SS26S2,Poleglass 2
95SS27,Seymour Hill Lisburn,SEYMOUR HILL LISBURN,95SS27W1,Seymour Hill
95SS28,Tonagh Lisburn,TONAGH LISBURN,95SS28W1,Tonagh
95SS29,Twinbrook Lisburn,TWINBROOK LISBURN,95SS29S1,Twinbrook 1
95SS29,Twinbrook Lisburn,TWINBROOK LISBURN,95SS29S2,Twinbrook 2
95SS30,Wallace Park Lisburn,WALLACE PARK LISBURN,95SS30S1,Wallace Park 1
95SS30,Wallace Park Lisburn,WALLACE PARK LISBURN,95SS30S2,Wallace Park 2
95TT01,Ballymaguigan Magherafelt,BALLYMAGUIGAN MAGHERAFELT,95TT01W1,Ballymaguigan
95TT02,Bellaghy Magherafelt,BELLAGHY MAGHERAFELT,95TT02W1,Bellaghy
95TT03,Castledawson Magherafelt,CASTLEDAWSON MAGHERAFELT,95TT03S1,Castledawson 1
95TT03,Castledawson Magherafelt,CASTLEDAWSON MAGHERAFELT,95TT03S2,Castledawson 2
95TT04,Draperstown Magherafelt,DRAPERSTOWN MAGHERAFELT,95TT04W1,Draperstown
95TT05,Glebe Magherafelt,GLEBE (MAGHERAFELT) MAGHERAFELT,95TT05S1,Glebe 1 (Magherafelt LGD)
95TT05,Glebe Magherafelt,GLEBE (MAGHERAFELT) MAGHERAFELT,95TT05S2,Glebe 2 (Magherafelt LGD)
95TT06,Gulladuff Magherafelt,GULLADUFF MAGHERAFELT,95TT06W1,Gulladuff
95TT07,Knockcloghrim Magherafelt,KNOCKCLOGHRIM MAGHERAFELT,95TT07W1,Knockcloghrim
95TT08,Lecumpher Magherafelt,LECUMPHER MAGHERAFELT,95TT08W1,Lecumpher
95TT09,Lower Glenshane Magherafelt,LOWER GLENSHANE MAGHERAFELT,95TT09S1,Lower Glenshane 1
95TT09,Lower Glenshane Magherafelt,LOWER GLENSHANE MAGHERAFELT,95TT09S2,Lower Glenshane 2
95TT10,Maghera Magherafelt,MAGHERA MAGHERAFELT,95TT10W1,Maghera
95TT11,Swatragh Magherafelt,SWATRAGH MAGHERAFELT,95TT11S1,Swatragh 1
95TT11,Swatragh Magherafelt,SWATRAGH MAGHERAFELT,95TT11S2,Swatragh 2
95TT12,Tobermore Magherafelt,TOBERMORE MAGHERAFELT,95TT12W1,Tobermore
95TT13,Town Parks East Magherafelt,TOWN PARKS EAST MAGHERAFELT,95TT13S1,Town Parks East 1
95TT13,Town Parks East Magherafelt,TOWN PARKS EAST MAGHERAFELT,95TT13S2,Town Parks East 2
95TT14,Town Parks West Magherafelt,TOWN PARKS WEST MAGHERAFELT,95TT14W1,Town Parks West
95TT15,Upperlands Magherafelt,UPPERLANDS MAGHERAFELT,95TT15W1,Upperlands
95TT16,Valley Magherafelt,VALLEY (MAGHERAFELT) MAGHERAFELT,95TT16W1,Valley
95UU01,Armoy Moyle,ARMOY MOYLE,95UU99C1,Armoy and Moss-Side and Moyarget
95UU02,Ballylough Moyle,BALLYLOUGH MOYLE,95UU99C2,Ballylough and Bushmills
95UU03,Bonamargy and Rathlin Moyle,BONAMARGY AND RATHLIN MOYLE,95UU99C3,Bonamargy and Rathlin and Glenshesk
95UU04,Bushmills Moyle,BUSHMILLS MOYLE,NA,NA
95UU05,Carnmoon Moyle,CARNMOON MOYLE,95UU99C4,Carnmoon and Dunseverick
95UU06,Dalriada Moyle,DALRIADA MOYLE,95UU06W1,Dalriada
95UU07,Dunseverick Moyle,CARNMOON MOYLE,95UU99C4,Carnmoon and Dunseverick
95UU08,Glenaan Moyle,GLENAAN MOYLE,95UU99C5,Glenaan and Glendun
95UU09,Glenariff Moyle,GLENARIFF MOYLE,95UU09W1,Glenariff
95UU10,Glendun Moyle,GLENAAN MOYLE,95UU99C5,Glenaan and Glendun
95UU11,Glenshesk Moyle,BONAMARGY AND RATHLIN MOYLE,95UU99C3,Bonamargy and Rathlin and Glenshesk
95UU12,Glentaisie Moyle,GLENTAISIE MOYLE,95UU99C6,Glentaisie and Kinbane
95UU13,Kinbane Moyle,GLENAAN MOYLE,95UU99C5,Glenaan and Glendun
95UU14,Knocklayd Moyle,KNOCKLAYD MOYLE,95UU14W1,Knocklayd
95UU15,Moss-side and Moyarget Moyle,ARMOY MOYLE,95UU99C1,Armoy and Moss-Side and Moyarget
95VV01,Annalong Newry and Mourn,ANNALONG NEWRY & MOURNE,95VV01S1,Annalong 1
95VV01,Annalong Newry and Mourn,ANNALONG NEWRY & MOURNE,95VV01S2,Annalong 2
95VV02,Ballybot Newry and Mourn,BALLYBOT NEWRY & MOURNE,95VV02W1,Ballybot
95VV03,Bessbrook Newry and Mourn,BESSBROOK NEWRY & MOURNE,95VV03W1,Bessbrook
95VV04,Binnian Newry and Mourn,BINNIAN NEWRY & MOURNE,95VV04W1,Binnian
95VV05,Burren and Kilbroney Newry and Mourn,BURREN AND KILBRONEY NEWRY & MOURNE,95VV05S1,Burren and Kilbroney 1
95VV05,Burren and Kilbroney Newry and Mourn,BURREN AND KILBRONEY NEWRY & MOURNE,95VV05S2,Burren and Kilbroney 2
95VV06,Camlough Newry and Mourn,CAMLOUGH NEWRY & MOURNE,95VV06W1,Camlough
95VV07,Clonallan Newry and Mourn,CLONALLAN NEWRY & MOURNE,95VV07S1,Clonallan 1
95VV07,Clonallan Newry and Mourn,CLONALLAN NEWRY & MOURNE,95VV07S2,Clonallan 2
95VV08,Creggan Newry and Mourn,CREGGAN NEWRY & MOURNE,95VV08W1,Creggan
95VV09,Crossmaglen Newry and Mourn,CROSSMAGLEN NEWRY & MOURNE,95VV09W1,Crossmaglen
95VV10,Daisy hill Newry and Mourn,DAISY HILL NEWRY & MOURNE,95VV10S1,Daisy Hill 1
95VV10,Daisy hill Newry and Mourn,DAISY HILL NEWRY & MOURNE,95VV10S2,Daisy Hill 2
95VV11,Derryleckagh Newry and Mourn,DERRYLECKAGH NEWRY & MOURNE,95VV11S1,Derryleckagh 1
95VV11,Derryleckagh Newry and Mourn,DERRYLECKAGH NEWRY & MOURNE,95VV11S2,Derryleckagh 2
95VV12,Derrymore Newry and Mourn,DERRYMORE NEWRY & MOURNE,95VV12S1,Derrymore 1
95VV12,Derrymore Newry and Mourn,DERRYMORE NEWRY & MOURNE,95VV12S2,Derrymore 2
95VV13,Donaghmore Newry and Mourn,DONAGHMORE (NEWRY AND MOURNE) NEWRY & MOURNE,95VV13S1,Donaghmore 1
95VV13,Donaghmore Newry and Mourn,DONAGHMORE (NEWRY AND MOURNE) NEWRY & MOURNE,95VV13S2,Donaghmore 2
95VV14,Drumalane Newry and Mourn,DRUMALANE NEWRY & MOURNE,95VV14S1,Drumalane 1
95VV14,Drumalane Newry and Mourn,DRUMALANE NEWRY & MOURNE,95VV14S2,Drumalane 2
95VV15,Drumgullion Newry and Mourn,DRUMGULLION NEWRY & MOURNE,95VV15S1,Drumgullion 1
95VV15,Drumgullion Newry and Mourn,DRUMGULLION NEWRY & MOURNE,95VV15S2,Drumgullion 2
95VV16,Fathom Newry and Mourn,FATHOM NEWRY & MOURNE,95VV16W1,Fathom
95VV17,Forkhill Newry and Mourn,FORKHILL NEWRY & MOURNE,95VV17S1,Forkhill 1
95VV17,Forkhill Newry and Mourn,FORKHILL NEWRY & MOURNE,95VV17S2,Forkhill 2
95VV18,Kilkeel Central Newry and Mourn,KILKEEL CENTRAL NEWRY & MOURNE,95VV18S1,Kilkeel Central 1
95VV18,Kilkeel Central Newry and Mourn,KILKEEL CENTRAL NEWRY & MOURNE,95VV18S2,Kilkeel Central 2
95VV19,Kilkeel South Newry and Mourn,KILKEEL SOUTH NEWRY & MOURNE,95VV19S1,Kilkeel South 1
95VV19,Kilkeel South Newry and Mourn,KILKEEL SOUTH NEWRY & MOURNE,95VV19S2,Kilkeel South 2
95VV20,Lisnacree Newry and Mourn,LISNACREE NEWRY & MOURNE,95VV20W1,Lisnacree
95VV21,Mayobridge Newry and Mourn,MAYOBRIDGE NEWRY & MOURNE,95VV21S1,Mayobridge 1
95VV21,Mayobridge Newry and Mourn,MAYOBRIDGE NEWRY & MOURNE,95VV21S2,Mayobridge 2
95VV22,Newtownhamilton Newry and Mourn,NEWTOWNHAMILTON NEWRY & MOURNE,95VV22W1,Newtownhamilton
95VV23,Rostrevor Newry and Mourn,ROSTREVOR NEWRY & MOURNE,95VV23W1,Rostrevor
95VV24,Seaview Newry and Mourn,SEAVIEW NEWRY & MOURNE,95VV24S1,Seaview 1
95VV24,Seaview Newry and Mourn,SEAVIEW NEWRY & MOURNE,95VV24S2,Seaview 2
95VV25,Silver Bridge Newry and Mourn,SILVER BRIDGE NEWRY & MOURNE,95VV25S1,Silver Bridge 1
95VV25,Silver Bridge Newry and Mourn,SILVER BRIDGE NEWRY & MOURNE,95VV25S2,Silver Bridge 2
95VV26,Spelga Newry and Mourn,SPELGA NEWRY & MOURNE,95VV26W1,Spelga
95VV27,St Mary's Newry and Mourn,ST MARYS NEWRY & MOURNE,95VV27W1,St Mary's
95VV28,St Patrick's Newry and Mourn,ST PATRICKS NEWRY & MOURNE,95VV28S1,St Patrick's 1
95VV28,St Patrick's Newry and Mourn,ST PATRICKS NEWRY & MOURNE,95VV28S2,St Patrick's 2
95VV29,Tullyhappy Newry and Mourn,TULLYHAPPY NEWRY & MOURNE,95VV29W1,Tullyhappy
95VV30,Windsor Hill Newry and Mourn,WINDSOR HILL NEWRY & MOURNE,95VV30S1,Windsor Hill 1
95VV30,Windsor Hill Newry and Mourn,WINDSOR HILL NEWRY & MOURNE,95VV30S2,Windsor Hill 2
95WW01,Abbey Newtownabbey,ABBEY NEWTOWNABBEY,95WW01S1,Abbey 1
95WW01,Abbey Newtownabbey,ABBEY NEWTOWNABBEY,95WW01S2,Abbey 2
95WW02,Ballyclare North Newtownabbey,BALLYCLARE NORTH NEWTOWNABBEY,95WW02S1,Ballyclare North 1
95WW02,Ballyclare North Newtownabbey,BALLYCLARE NORTH NEWTOWNABBEY,95WW02S2,Ballyclare North 2
95WW03,Ballyclare South Newtownabbey,BALLYCLARE SOUTH NEWTOWNABBEY,95WW03S1,Ballyclare South 1
95WW03,Ballyclare South Newtownabbey,BALLYCLARE SOUTH NEWTOWNABBEY,95WW03S2,Ballyclare South 2
95WW04,Ballyduff Newtownabbey,BALLYDUFF NEWTOWNABBEY,95WW04S1,Ballyduff 1
95WW04,Ballyduff Newtownabbey,BALLYDUFF NEWTOWNABBEY,95WW04S2,Ballyduff 2
95WW05,Ballyhenry Newtownabbey,BALLYHENRY NEWTOWNABBEY,95WW05S1,Ballyhenry 1
95WW05,Ballyhenry Newtownabbey,BALLYHENRY NEWTOWNABBEY,95WW05S2,Ballyhenry 2
95WW06,Ballynure Newtownabbey,BALLYNURE NEWTOWNABBEY,95WW06S1,Ballynure 1
95WW06,Ballynure Newtownabbey,BALLYNURE NEWTOWNABBEY,95WW06S2,Ballynure 2
95WW07,Ballyrobert Newtownabbey,BALLYROBERT NEWTOWNABBEY,95WW07S1,Ballyrobert 1
95WW07,Ballyrobert Newtownabbey,BALLYROBERT NEWTOWNABBEY,95WW07S2,Ballyrobert 2
95WW08,Burnthill Newtownabbey,BURNTHILL NEWTOWNABBEY,95WW08S1,Burnthill 1
95WW08,Burnthill Newtownabbey,BURNTHILL NEWTOWNABBEY,95WW08S2,Burnthill 2
95WW09,Carnmoney Newtownabbey,CARNMONEY NEWTOWNABBEY,95WW09S1,Carnmoney 1
95WW09,Carnmoney Newtownabbey,CARNMONEY NEWTOWNABBEY,95WW09S2,Carnmoney 2
95WW10,Cloughfern Newtownabbey,CLOUGHFERN NEWTOWNABBEY,95WW10S1,Cloughfern 1
95WW10,Cloughfern Newtownabbey,CLOUGHFERN NEWTOWNABBEY,95WW10S2,Cloughfern 2
95WW11,Collinbridge Newtownabbey,COLLINBRIDGE NEWTOWNABBEY,95WW11S1,Collinbridge 1
95WW11,Collinbridge Newtownabbey,COLLINBRIDGE NEWTOWNABBEY,95WW11S2,Collinbridge 2
95WW12,Coole Newtownabbey,COOLE NEWTOWNABBEY,95WW12W1,Coole
95WW13,Doagh Newtownabbey,DOAGH NEWTOWNABBEY,95WW13S1,Doagh 1
95WW13,Doagh Newtownabbey,DOAGH NEWTOWNABBEY,95WW13S2,Doagh 2
95WW14,Dunanney Newtownabbey,DUNANNEY NEWTOWNABBEY,95WW14W1,Dunanney
95WW15,Glebe Newtownabbey,GLEBE (NEWTOWNABBEY) NEWTOWNABBEY,95WW15S1,Glebe 1 (Newtownabbey LGD)
95WW15,Glebe Newtownabbey,GLEBE (NEWTOWNABBEY) NEWTOWNABBEY,95WW15S2,Glebe 2 (Newtownabbey LGD)
95WW16,Glengormley Newtownabbey,GLENGORMLEY NEWTOWNABBEY,95WW16S1,Glengormley 1
95WW16,Glengormley Newtownabbey,GLENGORMLEY NEWTOWNABBEY,95WW16S2,Glengormley 2
95WW17,Hawthorne Newtownabbey,HAWTHORNE NEWTOWNABBEY,95WW17W1,Hawthorne
95WW18,Hightown Newtownabbey,HIGHTOWN NEWTOWNABBEY,95WW18W1,Hightown
95WW19,Jordanstown Newtownabbey,JORDANSTOWN NEWTOWNABBEY,95WW19S1,Jordanstown 1
95WW19,Jordanstown Newtownabbey,JORDANSTOWN NEWTOWNABBEY,95WW19S2,Jordanstown 2
95WW19,Jordanstown Newtownabbey,JORDANSTOWN NEWTOWNABBEY,95WW19S3,Jordanstown 3
95WW20,Mallusk Newtownabbey,MALLUSK NEWTOWNABBEY,95WW20S1,Mallusk 1
95WW20,Mallusk Newtownabbey,MALLUSK NEWTOWNABBEY,95WW20S2,Mallusk 2
95WW20,Mallusk Newtownabbey,MALLUSK NEWTOWNABBEY,95WW20S3,Mallusk 3
95WW21,Monkstown Newtownabbey,MONKSTOWN NEWTOWNABBEY,95WW21S1,Monkstown 1
95WW21,Monkstown Newtownabbey,MONKSTOWN NEWTOWNABBEY,95WW21S2,Monkstown 2
95WW22,Mossley Newtownabbey,MOSSLEY NEWTOWNABBEY,95WW22S1,Mossley 1
95WW22,Mossley Newtownabbey,MOSSLEY NEWTOWNABBEY,95WW22S2,Mossley 2
95WW23,Rostulla Newtownabbey,ROSTULLA NEWTOWNABBEY,95WW23S1,Rostulla 1
95WW23,Rostulla Newtownabbey,ROSTULLA NEWTOWNABBEY,95WW23S2,Rostulla 2
95WW24,Valley Newtownabbey,VALLEY (NEWTOWNABBEY) NEWTOWNABBEY,95WW24S1,Valley 1
95WW24,Valley Newtownabbey,VALLEY (NEWTOWNABBEY) NEWTOWNABBEY,95WW24S2,Valley 2
95WW25,Whitehouse Newtownabbey,WHITEHOUSE NEWTOWNABBEY,95WW25W1,Whitehouse
95XX01,Ballycrochan North Down,BALLYCROCHAN NORTH DOWN,95XX01S1,Ballycrochan 1
95XX01,Ballycrochan North Down,BALLYCROCHAN NORTH DOWN,95XX01S2,Ballycrochan 2
95XX01,Ballycrochan North Down,BALLYCROCHAN NORTH DOWN,95XX01S3,Ballycrochan 3
95XX02,Ballyholme North Down,BALLYHOLME NORTH DOWN,95XX02W1,Ballyholme
95XX03,Ballymaconnell North Down,BALLYMACONNELL NORTH DOWN,95XX03S1,Ballymaconnell 1
95XX03,Ballymaconnell North Down,BALLYMACONNELL NORTH DOWN,95XX03S2,Ballymaconnell 2
95XX04,Ballymagee North Down,BALLYMAGEE NORTH DOWN,95XX04S1,Ballymagee 1
95XX04,Ballymagee North Down,BALLYMAGEE NORTH DOWN,95XX04S2,Ballymagee 2
95XX05,Bangor Castle North Down,BANGOR CASTLE NORTH DOWN,95XX05W1,Bangor Castle
95XX06,Bloomfield North Down,BLOOMFIELD (NORTH DOWN) NORTH DOWN,95XX06S1,Bloomfield 1 (North Down LGD)
95XX06,Bloomfield North Down,BLOOMFIELD (NORTH DOWN) NORTH DOWN,95XX06S2,Bloomfield 2 (North Down LGD)
95XX07,Broadway North Down,BROADWAY NORTH DOWN,95XX07S1,Broadway 1
95XX07,Broadway North Down,BROADWAY NORTH DOWN,95XX07S2,Broadway 2
95XX08,Bryansburn North Down,BRYANSBURN NORTH DOWN,95XX08S1,Bryansburn 1
95XX08,Bryansburn North Down,BRYANSBURN NORTH DOWN,95XX08S2,Bryansburn 2
95XX09,Churchill North Down,CHURCHILL NORTH DOWN,95XX09S1,Churchill 1
95XX09,Churchill North Down,CHURCHILL NORTH DOWN,95XX09S2,Churchill 2
95XX10,Clandeboye North Down,CLANDEBOYE NORTH DOWN,95XX10S1,Clandeboye 1
95XX10,Clandeboye North Down,CLANDEBOYE NORTH DOWN,95XX10S2,Clandeboye 2
95XX10,Clandeboye North Down,CLANDEBOYE NORTH DOWN,95XX10S3,Clandeboye 3
95XX11,Conlig North Down,CONLIG NORTH DOWN,95XX11S1,Conlig 1
95XX11,Conlig North Down,CONLIG NORTH DOWN,95XX11S2,Conlig 2
95XX11,Conlig North Down,CONLIG NORTH DOWN,95XX11S3,Conlig 3
95XX12,Craigavad North Down,CRAIGAVAD NORTH DOWN,95XX12W1,Craigavad
95XX13,Crawfordsburn North Down,CRAWFORDSBURN NORTH DOWN,95XX13W1,Crawfordsburn
95XX14,Cultra North Down,CULTRA NORTH DOWN,95XX14W1,Cultra
95XX15,Dufferin North Down,DUFFERIN NORTH DOWN,95XX15W1,Dufferin
95XX16,Groomsport North Down,GROOMSPORT NORTH DOWN,95XX16W1,Groomsport
95XX17,Harbour North Down,HARBOUR (NORTH DOWN) NORTH DOWN,95XX17S1,Harbour 1
95XX17,Harbour North Down,HARBOUR (NORTH DOWN) NORTH DOWN,95XX17S2,Harbour 2
95XX18,Holywood Demesne North Down,HOLYWOOD DEMESNE NORTH DOWN,95XX18W1,Holywood Demesne
95XX19,Holywood Priory North Down,HOLYWOOD PRIORY NORTH DOWN,95XX19W1,Holywood Priory
95XX20,Loughview North Down,LOUGHVIEW NORTH DOWN,95XX20S1,Loughview 1
95XX20,Loughview North Down,LOUGHVIEW NORTH DOWN,95XX20S2,Loughview 2
95XX21,Princetown North Down,PRINCETOWN NORTH DOWN,95XX21W1,Princetown
95XX22,Rathgael North Down,RATHGAEL NORTH DOWN,95XX22W1,Rathgael
95XX23,Silverstream North Down,SILVERSTREAM NORTH DOWN,95XX23W1,Silverstream
95XX24,Springhill North Down,SPRING HILL NORTH DOWN,95XX24S1,Springhill 1
95XX24,Springhill North Down,SPRING HILL NORTH DOWN,95XX24S2,Springhill 2
95XX25,Whitehill North Down,WHITEHILL NORTH DOWN,95XX25W1,Whitehill
95YY01,Beragh Omagh,BERAGH OMAGH,95YY01W1,Beragh
95YY02,Camowen Omagh,CAMOWEN OMAGH,95YY02W1,Camowen
95YY03,Clanabogan Omagh,CLANABOGAN OMAGH,95YY03W1,Clanabogan
95YY04,Coolnagard Omagh,COOLNAGARD OMAGH,95YY04W1,Coolnagard
95YY05,Dergmoney Omagh,DERGMONEY OMAGH,95YY05W1,Dergmoney
95YY06,Dromore Omagh,DROMORE OMAGH,95YY06W1,Dromore
95YY07,Drumnakilly Omagh,DRUMNAKILLY OMAGH,95YY07W1,Drumnakilly
95YY08,Drumquin Omagh,DRUMQUIN OMAGH,95YY08W1,Drumquin
95YY09,Drumragh Omagh,DRUMRAGH OMAGH,95YY09W1,Drumragh
95YY10,Fairy Water Omagh,FAIRY WATER OMAGH,95YY10W1,Fairy Water
95YY11,Fintona Omagh,FINTONA OMAGH,95YY11W1,Fintona
95YY12,Gortin Omagh,GORTIN OMAGH,95YY12W1,Gortin
95YY13,Gortrush Omagh,GORTRUSH OMAGH,95YY13S1,Gortrush 1
95YY13,Gortrush Omagh,GORTRUSH OMAGH,95YY13S2,Gortrush 2
95YY14,Killyclogher Omagh,KILLYCLOGHER OMAGH,95YY14S1,Killyclogher 1
95YY14,Killyclogher Omagh,KILLYCLOGHER OMAGH,95YY14S2,Killyclogher 2
95YY15,Lisanelly Omagh,LISANELLY OMAGH,95YY15S1,Lisanelly 1
95YY15,Lisanelly Omagh,LISANELLY OMAGH,95YY15S2,Lisanelly 2
95YY16,Newtownsaville Omagh,NEWTOWNSAVILLE OMAGH,95YY16W1,Newtownsaville
95YY17,Owenkillew Omagh,OWENKILLEW OMAGH,95YY17W1,Owenkillew
95YY18,Sixmilecross Omagh,SIXMILECROSS OMAGH,95YY18W1,Sixmilecross
95YY19,Strule Omagh,STRULE OMAGH,95YY19W1,Strule
95YY20,Termon Omagh,TERMON OMAGH,95YY20W1,Termon
95YY21,Trillick Omagh,TRILLICK OMAGH,95YY21W1,Trillick
95ZZ01,Artigarvan Strabane,ARTIGARVAN STRABANE,95ZZ01W1,Artigarvan
95ZZ02,Ballycolman Strabane,BALLYCOLMAN STRABANE,95ZZ02W1,Ballycolman
95ZZ03,Castlederg Strabane,CASTLEDERG STRABANE,95ZZ03W1,Castlederg
95ZZ04,Clare Strabane,CLARE STRABANE,95ZZ04W1,Clare
95ZZ05,Dunnamanagh Strabane,DUNNAMANAGH STRABANE,95ZZ05W1,Dunnamanagh
95ZZ06,East Strabane,EAST STRABANE,95ZZ06W1,East
95ZZ07,Finn Strabane,FINN STRABANE,95ZZ07W1,Finn
95ZZ08,Glenderg Strabane,GLENDERG STRABANE,95ZZ08W1,Glenderg
95ZZ09,Newtownstewart Strabane,NEWTOWNSTEWART STRABANE,95ZZ09W1,Newtownstewart
95ZZ10,North Strabane,NORTH STRABANE,95ZZ10W1,North
95ZZ11,Plumbridge Strabane,PLUMBRIDGE STRABANE,95ZZ11W1,Plumbridge
95ZZ12,Sion Mills Strabane,SION MILLS STRABANE,95ZZ12W1,Sion Mills
95ZZ13,Slievekirk Strabane,SLIEVEKIRK STRABANE,95ZZ13W1,Slievekirk
95ZZ14,South Strabane,SOUTH STRABANE,95ZZ14S1,South 1
95ZZ14,South Strabane,SOUTH STRABANE,95ZZ14S2,South 2
95ZZ15,Victoria Bridge Strabane,VICTORIA BRIDGE STRABANE,95ZZ15W1,Victoria Bridge
95ZZ16,West Strabane,WEST STRABANE,95ZZ16S1,West 1
95ZZ16,West Strabane,WEST STRABANE,95ZZ16S2,West 2
